Model,Level 0 (Baseline),Level 1,Level 2,Level 3,Level 4,Level 5
"Claude Opus 4.6",56.39,61.64,59.87,60.46,61.84,61.32
"Claude Sonnet 4.5",55.22,59.21,58.03,60.79,59.8,61.91
"CodeLlama (34B)",60.38,54.08,54.61,55.39,56.25,53.68
"DeepSeek Coder (33B)",61.86,58.55,58.49,58.16,59.67,60.72
"OpenAI GPT-4o",56.45,54.67,55.59,56.18,58.75,57.76
"OpenAI GPT-4o Mini",53.93,50.86,54.08,54.41,59.01,54.21
"Llama 3.1 (8B Instruct)",56.39,51.18,53.36,53.88,56.91,53.62
"Qwen 2.5 Coder (7B)",57.0,51.84,54.21,55.2,56.38,53.88
"Qwen 3 Coder (30B)",55.65,54.8,55.66,56.71,58.62,56.51
